needs_ratio,wants_ratio,savings_ratio,needs_trend,spending_volatility,small_tx_ratio,safety_net_ratio,STATUS
0.47,0.32,0.17,0.08,243.09,0.3,2.5,GOOD
0.35,0.17,0.49,0.06,134.47,0.22,11.59,GOOD
0.78,0.17,0.0,-0.04,565.04,0.22,0.41,CRITICAL
0.28,0.15,0.49,-0.03,127.88,0.28,4.47,GOOD
0.59,0.21,0.19,0.07,392.98,0.77,0.66,WARNING
0.71,0.21,0.1,-0.04,393.76,0.74,0.75,WARNING
0.44,0.51,0.0,0.0,1330.63,0.61,1.93,WARNING
0.57,0.26,0.14,0.03,144.65,0.67,0.45,WARNING
0.43,0.34,0.23,-0.07,431.2,0.26,2.33,GOOD
0.55,0.26,0.15,-0.1,245.79,0.66,1.42,GOOD
0.69,0.17,0.11,-0.08,182.3,0.51,0.22,WARNING
0.78,0.18,0.0,0.06,597.4,0.4,0.3,CRITICAL
0.88,0.18,0.0,0.08,226.77,0.35,0.38,CRITICAL
0.64,0.25,0.05,0.08,225.89,0.59,0.64,WARNING
0.49,0.38,0.13,-0.06,774.75,0.66,0.65,WARNING
0.49,0.27,0.25,-0.05,398.76,0.21,2.54,GOOD
0.7,0.19,0.0,-0.05,799.67,0.28,0.45,CRITICAL
0.63,0.27,0.14,-0.1,131.21,0.65,0.86,WARNING
0.7,0.29,0.06,-0.03,385.69,0.58,0.7,WARNING
0.89,0.13,0.0,0.09,588.69,0.42,0.26,CRITICAL
0.8,0.11,0.0,0.05,591.11,0.43,0.31,CRITICAL
0.81,0.17,0.0,-0.08,545.94,0.21,0.18,CRITICAL
0.44,0.25,0.26,0.0,190.23,0.2,4.23,GOOD
0.33,0.26,0.4,-0.07,83.0,0.11,4.26,GOOD
0.82,0.17,0.0,-0.09,548.44,0.31,0.17,CRITICAL
0.32,0.23,0.45,0.0,96.36,0.28,8.56,GOOD
0.37,0.18,0.39,0.06,54.53,0.24,6.03,GOOD
0.46,0.28,0.3,-0.04,361.58,0.31,2.25,GOOD
0.77,0.11,0.0,0.1,238.51,0.37,0.36,CRITICAL
0.32,0.21,0.47,0.08,151.4,0.2,11.98,GOOD
0.37,0.18,0.47,0.08,138.47,0.13,3.7,GOOD
0.66,0.26,0.16,-0.05,388.55,0.66,1.16,GOOD
0.44,0.29,0.31,-0.01,96.29,0.22,5.84,GOOD
0.54,0.52,0.0,0.04,1353.47,0.61,1.72,WARNING
0.47,0.26,0.22,-0.05,212.92,0.21,3.9,GOOD
0.57,0.26,0.24,-0.03,216.17,0.52,0.4,WARNING
0.43,0.45,0.13,-0.09,961.46,0.41,1.02,WARNING
0.57,0.38,0.0,0.07,875.01,0.58,1.69,WARNING
0.57,0.26,0.14,-0.08,137.62,0.53,0.77,WARNING
0.52,0.27,0.23,-0.04,183.11,0.76,0.79,WARNING
0.36,0.11,0.51,-0.01,155.43,0.2,11.18,GOOD
0.54,0.48,0.0,-0.04,1465.33,0.5,1.07,WARNING
0.79,0.14,0.0,0.08,279.32,0.39,0.03,CRITICAL
0.32,0.16,0.48,0.09,147.02,0.14,3.59,GOOD
0.57,0.47,0.0,-0.01,1331.54,0.69,0.54,WARNING
0.54,0.26,0.18,-0.02,235.84,0.35,2.68,GOOD
0.5,0.24,0.23,0.09,314.23,0.33,3.5,GOOD
0.31,0.15,0.54,0.0,147.45,0.24,5.76,GOOD
0.69,0.28,0.07,0.07,125.89,0.69,0.47,WARNING
0.55,0.49,0.0,-0.04,1442.19,0.67,1.39,WARNING
0.5,0.31,0.16,-0.07,472.66,0.26,2.57,GOOD
0.47,0.16,0.37,-0.09,96.56,0.17,7.26,GOOD
0.48,0.48,0.07,-0.01,1197.21,0.6,0.95,WARNING
0.64,0.24,0.13,0.05,228.41,0.53,1.2,GOOD
0.45,0.49,0.09,0.03,1210.13,0.6,1.46,WARNING
0.46,0.27,0.26,-0.04,409.57,0.33,2.58,GOOD
0.62,0.27,0.16,-0.05,244.61,0.71,0.21,WARNING
0.9,0.16,0.0,-0.02,229.09,0.37,0.39,CRITICAL
0.57,0.25,0.19,-0.02,185.28,0.8,1.27,GOOD
0.4,0.13,0.44,-0.03,98.88,0.24,4.91,GOOD
0.54,0.29,0.19,-0.08,325.88,0.24,2.88,GOOD
0.47,0.28,0.24,-0.03,427.25,0.29,2.75,GOOD
0.57,0.57,0.0,0.03,728.84,0.59,1.16,WARNING
0.33,0.28,0.39,-0.07,183.15,0.27,8.86,GOOD
0.59,0.49,0.0,0.09,1368.21,0.41,1.87,WARNING
0.54,0.23,0.2,0.06,335.84,0.59,0.56,WARNING
0.8,0.14,0.0,0.09,343.87,0.44,0.41,CRITICAL
0.49,0.3,0.2,0.02,388.75,0.21,2.52,GOOD
0.63,0.19,0.14,0.04,108.23,0.64,1.32,GOOD
0.52,0.26,0.27,0.07,109.48,0.14,9.43,GOOD
0.9,0.17,0.0,0.02,338.15,0.39,0.48,CRITICAL
0.58,0.3,0.15,0.04,457.13,0.37,3.4,GOOD
0.58,0.3,0.17,0.07,273.23,0.58,0.74,WARNING
0.47,0.38,0.15,0.03,1239.17,0.58,1.13,WARNING
0.76,0.11,0.0,-0.08,550.05,0.3,0.07,CRITICAL
0.7,0.21,0.1,-0.0,331.14,0.69,0.38,WARNING
0.66,0.22,0.13,-0.1,144.9,0.51,0.39,WARNING
0.73,0.16,0.0,0.01,518.88,0.49,0.07,CRITICAL
0.49,0.46,0.04,0.08,617.58,0.66,0.59,WARNING
0.54,0.31,0.18,0.01,229.21,0.28,3.35,GOOD
0.86,0.11,0.0,-0.0,352.84,0.25,0.2,CRITICAL
0.5,0.32,0.15,-0.03,247.58,0.36,3.03,GOOD
0.38,0.28,0.32,-0.08,65.4,0.3,11.14,GOOD
0.38,0.08,0.51,0.02,152.76,0.16,4.08,GOOD
0.36,0.09,0.51,-0.01,135.36,0.3,10.43,GOOD
0.43,0.37,0.23,-0.09,1274.7,0.48,0.65,WARNING
0.58,0.25,0.19,-0.04,404.11,0.22,2.66,GOOD
0.56,0.33,0.13,0.1,395.16,0.32,2.05,GOOD
0.4,0.16,0.44,0.02,183.12,0.21,9.82,GOOD
0.56,0.38,0.12,0.04,1094.62,0.47,1.07,WARNING
0.56,0.3,0.16,-0.04,371.32,0.57,1.17,GOOD
0.49,0.25,0.23,0.1,200.55,0.32,3.22,GOOD
0.47,0.28,0.23,-0.05,330.08,0.24,3.38,GOOD
0.25,0.24,0.45,-0.05,191.9,0.18,8.19,GOOD
0.64,0.22,0.12,0.01,368.69,0.53,0.87,WARNING
0.48,0.32,0.21,0.09,296.76,0.29,2.47,GOOD
0.54,0.2,0.25,-0.04,158.25,0.52,0.44,WARNING
0.49,0.54,0.0,0.1,1023.34,0.52,1.65,WARNING
0.66,0.31,0.05,0.08,349.56,0.6,1.25,GOOD
0.8,0.13,0.0,-0.08,679.57,0.46,0.49,CRITICAL
0.48,0.34,0.18,0.07,351.85,0.39,3.78,GOOD
0.74,0.15,0.0,-0.04,212.5,0.31,0.23,CRITICAL
0.5,0.23,0.24,-0.01,452.58,0.36,2.71,GOOD
0.64,0.24,0.09,-0.08,368.9,0.8,0.9,WARNING
0.34,0.26,0.36,0.01,189.8,0.22,11.49,GOOD
0.55,0.37,0.11,0.02,240.09,0.38,3.12,GOOD
0.45,0.35,0.23,0.07,50.84,0.11,9.01,GOOD
0.76,0.17,0.0,0.04,285.37,0.38,0.34,CRITICAL
0.46,0.4,0.14,-0.02,814.29,0.67,2.0,WARNING
0.62,0.29,0.13,0.04,347.77,0.71,1.27,GOOD
0.55,0.24,0.22,0.04,154.53,0.76,1.35,GOOD
0.79,0.19,0.0,-0.04,685.06,0.32,0.35,CRITICAL
0.55,0.32,0.13,-0.09,147.64,0.71,1.04,GOOD
0.42,0.5,0.08,-0.02,1032.43,0.68,1.55,WARNING
0.79,0.13,0.0,-0.03,349.29,0.35,0.36,CRITICAL
0.35,0.13,0.51,0.05,84.14,0.18,7.27,GOOD
0.48,0.23,0.27,-0.09,256.47,0.31,2.18,GOOD
0.61,0.21,0.17,0.1,139.83,0.56,0.77,WARNING
0.61,0.21,0.2,-0.01,206.06,0.6,0.25,WARNING
0.9,0.1,0.0,-0.02,323.7,0.43,0.32,CRITICAL
0.52,0.33,0.17,0.06,259.06,0.4,2.41,GOOD
0.54,0.2,0.23,-0.03,121.95,0.53,0.47,WARNING
0.67,0.28,0.07,0.04,152.49,0.54,1.01,GOOD
0.34,0.19,0.52,0.07,181.1,0.26,3.94,GOOD
0.42,0.07,0.48,-0.1,98.11,0.29,5.21,GOOD
0.63,0.21,0.14,-0.01,101.89,0.62,1.44,GOOD
0.71,0.17,0.0,-0.03,796.13,0.32,0.41,CRITICAL
0.54,0.28,0.2,0.05,480.41,0.28,2.41,GOOD
0.91,0.17,0.0,-0.05,237.69,0.38,0.28,CRITICAL
0.87,0.14,0.0,-0.06,709.37,0.4,0.4,CRITICAL
0.49,0.3,0.21,0.08,228.01,0.32,2.51,GOOD
0.58,0.27,0.12,-0.03,365.74,0.7,1.33,GOOD
0.65,0.29,0.09,-0.0,244.58,0.57,1.2,GOOD
0.72,0.18,0.0,-0.09,534.53,0.36,0.19,CRITICAL
0.45,0.26,0.27,0.07,198.53,0.23,11.48,GOOD
0.49,0.2,0.35,0.07,52.12,0.18,4.06,GOOD
0.49,0.09,0.44,0.04,75.06,0.27,3.91,GOOD
0.31,0.18,0.5,0.06,114.6,0.15,10.93,GOOD
0.76,0.13,0.0,0.05,738.77,0.25,0.02,CRITICAL
0.4,0.29,0.32,-0.07,83.07,0.23,11.53,GOOD
0.52,0.3,0.21,-0.02,480.96,0.31,3.83,GOOD
0.46,0.29,0.24,0.1,280.73,0.26,2.85,GOOD
0.56,0.43,0.04,-0.03,773.97,0.48,1.94,WARNING
0.34,0.1,0.57,-0.04,165.09,0.26,3.95,GOOD
0.47,0.5,0.06,-0.02,1207.51,0.55,0.8,WARNING
0.59,0.31,0.13,-0.03,148.04,0.57,0.41,WARNING
0.5,0.26,0.22,-0.04,373.08,0.65,1.11,GOOD
0.51,0.22,0.22,-0.02,258.36,0.73,0.35,WARNING
0.54,0.28,0.2,0.02,212.32,0.27,2.67,GOOD
0.46,0.3,0.23,-0.0,233.38,0.27,3.58,GOOD
0.47,0.27,0.22,-0.03,256.14,0.33,2.27,GOOD
0.44,0.32,0.25,-0.04,284.04,0.35,3.69,GOOD
0.81,0.14,0.0,0.07,566.97,0.33,0.16,CRITICAL
0.43,0.27,0.27,-0.0,110.32,0.22,8.45,GOOD
0.51,0.18,0.31,-0.04,76.4,0.16,5.47,GOOD
0.71,0.21,0.0,0.09,547.23,0.35,0.07,CRITICAL
0.33,0.27,0.38,0.07,51.24,0.3,10.27,GOOD
0.37,0.12,0.52,0.01,156.81,0.24,10.89,GOOD
0.85,0.08,0.0,-0.08,249.6,0.37,0.46,CRITICAL
0.69,0.23,0.05,0.02,175.04,0.75,0.32,WARNING
0.59,0.26,0.18,0.07,302.47,0.63,0.9,WARNING
0.4,0.48,0.15,0.0,1292.54,0.58,1.18,WARNING
0.5,0.46,0.01,-0.09,1098.82,0.5,1.23,WARNING
0.52,0.31,0.13,0.05,442.83,0.35,3.04,GOOD
0.62,0.23,0.13,0.03,257.24,0.53,1.25,GOOD
0.51,0.37,0.15,-0.05,1284.73,0.54,1.22,WARNING
0.53,0.27,0.19,-0.0,465.15,0.33,2.94,GOOD
0.56,0.25,0.17,0.08,104.91,0.62,0.42,WARNING
0.48,0.35,0.15,-0.03,743.33,0.52,0.85,WARNING
0.59,0.46,0.0,0.05,702.53,0.53,1.93,WARNING
0.42,0.26,0.29,-0.08,99.52,0.17,4.78,GOOD
0.54,0.35,0.13,0.06,397.4,0.36,2.38,GOOD
0.65,0.25,0.08,-0.04,302.43,0.51,0.95,WARNING
0.63,0.22,0.17,-0.03,127.99,0.77,1.47,GOOD
0.56,0.29,0.17,-0.09,276.88,0.54,0.64,WARNING
0.35,0.19,0.46,0.08,83.76,0.29,8.05,GOOD
0.56,0.47,0.02,-0.05,938.3,0.68,1.12,WARNING
0.45,0.24,0.26,0.03,139.35,0.12,10.32,GOOD
0.46,0.32,0.17,0.02,847.29,0.49,0.89,WARNING
0.5,0.11,0.39,0.02,110.18,0.26,9.77,GOOD
0.4,0.11,0.5,-0.07,165.99,0.12,9.66,GOOD
0.58,0.3,0.12,0.01,152.33,0.63,1.34,GOOD
0.43,0.41,0.12,-0.05,724.1,0.47,0.6,WARNING
0.53,0.26,0.21,0.03,248.81,0.27,2.35,GOOD
0.52,0.27,0.21,0.1,411.1,0.23,2.63,GOOD
0.42,0.19,0.35,0.05,95.89,0.18,8.83,GOOD
0.75,0.19,0.0,-0.07,572.95,0.49,0.13,CRITICAL
0.57,0.48,0.0,0.08,925.56,0.63,1.99,WARNING
0.49,0.21,0.29,0.02,120.25,0.1,9.4,GOOD
0.76,0.2,0.0,0.01,550.1,0.23,0.44,CRITICAL
0.78,0.21,0.0,0.09,619.55,0.3,0.48,CRITICAL
0.75,0.09,0.0,-0.01,226.41,0.31,0.42,CRITICAL
0.58,0.48,0.0,-0.01,630.16,0.65,1.77,WARNING
0.6,0.22,0.17,-0.09,250.33,0.67,0.25,WARNING
0.45,0.43,0.11,0.07,809.92,0.56,1.98,WARNING
0.38,0.22,0.38,0.05,120.82,0.16,6.01,GOOD
0.63,0.25,0.14,0.04,278.56,0.63,0.89,WARNING
0.48,0.16,0.34,0.03,84.47,0.15,3.9,GOOD
0.85,0.1,0.0,-0.07,661.82,0.28,0.27,CRITICAL
0.66,0.27,0.03,0.09,193.95,0.78,0.29,WARNING
0.71,0.21,0.0,-0.05,589.6,0.35,0.33,CRITICAL
0.51,0.26,0.24,0.05,239.63,0.59,0.4,WARNING
0.45,0.16,0.45,-0.07,89.89,0.2,6.61,GOOD
0.47,0.33,0.19,-0.03,267.16,0.37,3.1,GOOD
0.76,0.15,0.0,0.05,592.6,0.28,0.04,CRITICAL
0.86,0.12,0.0,-0.0,668.26,0.46,0.0,CRITICAL
0.46,0.35,0.19,-0.04,263.53,0.37,2.34,GOOD
0.53,0.27,0.18,0.07,106.54,0.8,1.04,GOOD
0.68,0.26,0.06,0.01,216.64,0.71,1.26,GOOD
0.74,0.18,0.0,0.02,442.83,0.22,0.24,CRITICAL
0.52,0.31,0.17,-0.04,208.06,0.36,2.13,GOOD
0.52,0.43,0.04,-0.05,1206.61,0.55,1.21,WARNING
0.64,0.17,0.13,-0.03,325.74,0.78,0.95,WARNING
0.56,0.25,0.21,-0.05,281.68,0.75,1.49,GOOD
0.39,0.17,0.48,-0.1,120.71,0.26,6.08,GOOD
0.52,0.3,0.18,0.03,266.11,0.4,2.64,GOOD
0.88,0.12,0.0,-0.06,524.92,0.32,0.16,CRITICAL
0.53,0.32,0.13,-0.03,353.66,0.36,3.75,GOOD
0.33,0.26,0.37,-0.04,76.87,0.17,10.21,GOOD
0.65,0.24,0.1,0.02,393.94,0.51,1.42,GOOD
0.56,0.44,0.0,0.04,549.11,0.68,0.65,WARNING
0.84,0.12,0.0,0.07,475.5,0.43,0.14,CRITICAL
0.52,0.29,0.17,-0.1,381.12,0.3,2.49,GOOD
0.46,0.43,0.08,0.02,693.19,0.61,1.01,WARNING
0.55,0.51,0.0,-0.05,1349.18,0.43,1.04,WARNING
0.61,0.28,0.09,0.01,189.05,0.53,1.41,GOOD
0.56,0.2,0.25,-0.1,320.7,0.78,0.93,WARNING
0.51,0.5,0.0,-0.01,923.64,0.45,1.25,WARNING
0.46,0.23,0.24,0.04,288.29,0.21,2.2,GOOD
0.45,0.48,0.07,0.02,740.68,0.6,1.68,WARNING
0.48,0.52,0.01,0.01,572.56,0.49,0.76,WARNING
0.81,0.14,0.0,-0.0,770.51,0.32,0.05,CRITICAL
0.5,0.29,0.24,-0.05,276.68,0.33,2.96,GOOD
0.54,0.25,0.23,-0.09,229.98,0.37,2.52,GOOD
0.25,0.27,0.43,-0.0,197.73,0.24,6.24,GOOD
0.56,0.3,0.17,-0.02,474.75,0.25,3.29,GOOD
0.74,0.11,0.0,-0.02,247.77,0.45,0.08,CRITICAL
0.51,0.31,0.2,0.03,422.73,0.36,2.18,GOOD
0.64,0.23,0.14,-0.06,368.16,0.72,0.56,WARNING
0.42,0.45,0.2,-0.03,501.8,0.65,0.58,WARNING
0.42,0.24,0.29,-0.01,219.28,0.34,3.06,GOOD
0.72,0.22,0.05,-0.07,388.11,0.6,0.93,WARNING
0.51,0.3,0.23,0.01,293.17,0.24,3.97,GOOD
0.47,0.39,0.15,-0.06,776.34,0.55,0.96,WARNING
0.47,0.32,0.19,0.03,492.8,0.34,3.41,GOOD
0.3,0.19,0.5,0.04,199.78,0.28,11.79,GOOD
0.6,0.26,0.12,-0.07,391.01,0.61,0.2,WARNING
0.49,0.28,0.2,-0.03,490.67,0.34,2.97,GOOD
0.48,0.35,0.21,-0.08,416.31,0.37,2.73,GOOD
0.81,0.13,0.0,0.09,408.98,0.33,0.09,CRITICAL
0.88,0.14,0.0,-0.09,326.96,0.37,0.41,CRITICAL
0.32,0.24,0.46,-0.06,60.68,0.15,12.0,GOOD
0.79,0.12,0.0,0.03,449.49,0.27,0.41,CRITICAL
0.79,0.15,0.0,0.05,703.47,0.25,0.22,CRITICAL
0.5,0.24,0.2,0.03,423.77,0.2,3.25,GOOD
0.33,0.14,0.51,-0.04,153.36,0.18,4.13,GOOD
0.54,0.25,0.17,0.02,150.76,0.51,0.7,WARNING
0.81,0.11,0.0,-0.09,494.43,0.4,0.26,CRITICAL
0.45,0.27,0.2,-0.02,439.28,0.33,2.61,GOOD
0.52,0.43,0.05,-0.08,1109.71,0.65,1.04,WARNING
0.37,0.23,0.4,-0.03,140.86,0.29,7.51,GOOD
0.75,0.15,0.0,0.02,351.65,0.42,0.01,CRITICAL
0.8,0.21,0.0,-0.02,228.55,0.46,0.38,CRITICAL
0.6,0.19,0.21,-0.03,312.51,0.64,1.04,GOOD
0.39,0.2,0.42,-0.03,178.3,0.19,5.34,GOOD
0.51,0.48,0.0,-0.01,639.76,0.52,1.4,WARNING
0.6,0.42,0.0,-0.08,1067.06,0.44,0.79,WARNING
0.63,0.31,0.1,-0.09,362.63,0.66,1.17,GOOD
0.78,0.1,0.0,-0.02,677.42,0.49,0.09,CRITICAL
0.48,0.1,0.43,-0.0,183.79,0.22,11.98,GOOD
0.75,0.17,0.0,-0.05,320.95,0.48,0.38,CRITICAL
0.49,0.37,0.17,-0.01,224.93,0.26,2.75,GOOD
0.59,0.52,0.0,0.03,1306.53,0.62,1.67,WARNING
0.84,0.11,0.0,-0.08,563.39,0.34,0.31,CRITICAL
0.5,0.51,0.03,0.06,1208.72,0.55,1.91,WARNING
0.54,0.42,0.07,-0.08,1271.67,0.43,1.04,WARNING
0.47,0.47,0.03,0.09,538.75,0.7,1.55,WARNING
0.72,0.16,0.0,-0.05,762.4,0.49,0.23,CRITICAL
0.53,0.29,0.2,-0.04,267.84,0.72,1.18,GOOD
0.6,0.23,0.18,0.07,243.27,0.76,0.52,WARNING
0.57,0.5,0.0,0.05,1483.46,0.65,1.43,WARNING
0.51,0.37,0.15,0.08,1375.18,0.6,0.58,WARNING
0.7,0.16,0.0,0.09,698.43,0.36,0.34,CRITICAL
0.44,0.36,0.19,0.04,1247.95,0.65,1.45,WARNING
0.37,0.25,0.36,0.08,66.15,0.25,6.26,GOOD
0.51,0.26,0.27,0.08,58.61,0.21,3.76,GOOD
0.49,0.44,0.11,-0.04,1006.38,0.68,1.82,WARNING
0.85,0.15,0.0,-0.04,459.96,0.48,0.14,CRITICAL
0.62,0.21,0.14,-0.02,332.48,0.54,0.83,WARNING
0.55,0.42,0.03,0.05,881.61,0.48,1.54,WARNING
0.68,0.18,0.0,-0.04,547.43,0.22,0.26,CRITICAL
0.53,0.24,0.22,0.06,471.04,0.27,3.78,GOOD
0.53,0.23,0.23,-0.06,361.35,0.52,0.52,WARNING
0.59,0.26,0.14,-0.05,172.77,0.65,0.93,WARNING
0.45,0.08,0.4,-0.09,188.36,0.12,9.01,GOOD
0.5,0.16,0.33,-0.02,169.91,0.26,5.27,GOOD
0.49,0.17,0.35,-0.04,162.09,0.3,10.02,GOOD
0.54,0.22,0.23,0.06,390.06,0.62,0.62,WARNING
0.49,0.28,0.22,-0.04,451.74,0.38,2.2,GOOD
0.33,0.23,0.44,0.02,61.85,0.29,3.18,GOOD
0.59,0.22,0.19,-0.05,399.52,0.78,0.96,WARNING
0.39,0.23,0.39,0.03,168.41,0.27,5.11,GOOD
0.74,0.19,0.0,-0.08,753.49,0.41,0.05,CRITICAL
0.63,0.29,0.07,0.06,183.34,0.54,1.14,GOOD
0.45,0.29,0.26,-0.01,295.22,0.32,2.46,GOOD
0.42,0.55,0.06,-0.01,960.79,0.49,0.94,WARNING
0.5,0.27,0.22,0.02,155.09,0.16,6.78,GOOD
0.66,0.25,0.1,0.04,393.15,0.76,0.26,WARNING
0.61,0.47,0.0,0.09,969.83,0.54,1.18,WARNING
0.52,0.33,0.19,0.03,390.92,0.22,2.14,GOOD
0.5,0.26,0.23,-0.02,406.98,0.24,2.06,GOOD
0.72,0.17,0.0,0.04,704.38,0.2,0.16,CRITICAL
0.47,0.44,0.08,-0.02,533.43,0.52,1.69,WARNING
0.87,0.12,0.0,-0.02,357.81,0.25,0.44,CRITICAL
0.33,0.21,0.49,0.03,156.26,0.17,7.53,GOOD
0.41,0.52,0.08,0.09,1245.66,0.48,1.68,WARNING
0.44,0.27,0.26,-0.05,127.2,0.25,4.27,GOOD
0.65,0.27,0.08,-0.06,306.83,0.61,0.83,WARNING
0.76,0.23,0.0,0.05,664.25,0.36,0.37,CRITICAL
0.67,0.28,0.07,0.02,289.91,0.63,1.4,GOOD
0.5,0.26,0.22,-0.04,196.37,0.51,0.58,WARNING
0.6,0.27,0.12,0.01,187.37,0.69,0.57,WARNING
0.69,0.25,0.06,-0.06,358.42,0.7,0.93,WARNING
0.52,0.34,0.13,-0.05,292.24,0.25,2.64,GOOD
0.88,0.15,0.0,0.01,722.52,0.29,0.25,CRITICAL
0.48,0.24,0.22,0.02,233.32,0.23,2.53,GOOD
0.48,0.34,0.21,0.02,246.8,0.38,2.27,GOOD
0.73,0.14,0.0,-0.08,632.73,0.39,0.28,CRITICAL
0.72,0.21,0.1,-0.08,127.92,0.7,0.7,WARNING
0.86,0.18,0.0,0.05,730.87,0.26,0.2,CRITICAL
0.53,0.21,0.26,-0.05,178.65,0.7,1.19,GOOD
0.46,0.2,0.34,0.02,50.11,0.19,3.97,GOOD
0.52,0.29,0.16,-0.08,495.86,0.3,2.25,GOOD
0.77,0.15,0.0,-0.06,294.29,0.25,0.03,CRITICAL
0.51,0.37,0.14,0.03,741.28,0.6,1.25,WARNING
0.58,0.25,0.15,0.0,356.26,0.77,1.34,GOOD
0.73,0.19,0.0,-0.1,281.37,0.5,0.3,CRITICAL
0.72,0.31,0.01,-0.05,352.7,0.66,1.01,GOOD
0.55,0.31,0.13,0.05,228.86,0.32,2.27,GOOD
0.88,0.15,0.0,0.02,799.33,0.43,0.2,CRITICAL
0.52,0.32,0.18,0.03,489.24,0.22,2.12,GOOD
0.48,0.35,0.2,-0.03,290.22,0.28,2.31,GOOD
0.46,0.25,0.29,0.08,74.07,0.23,11.34,GOOD
0.44,0.29,0.27,0.03,451.78,0.23,2.74,GOOD
0.44,0.52,0.05,0.09,799.21,0.64,1.78,WARNING
0.42,0.23,0.37,-0.05,116.77,0.26,9.16,GOOD
0.45,0.27,0.29,-0.05,164.48,0.24,5.24,GOOD
0.57,0.35,0.05,0.09,1101.21,0.48,1.76,WARNING
0.42,0.32,0.21,0.05,1401.27,0.45,1.87,WARNING
0.61,0.22,0.18,0.03,187.82,0.69,1.03,GOOD
0.49,0.38,0.08,0.0,995.25,0.48,0.7,WARNING
0.33,0.16,0.49,0.08,108.54,0.26,3.99,GOOD
0.51,0.26,0.2,-0.1,342.05,0.35,3.92,GOOD
0.47,0.5,0.0,-0.02,780.05,0.5,0.99,WARNING
0.4,0.57,0.04,0.04,839.77,0.59,0.64,WARNING
0.65,0.21,0.11,0.03,354.38,0.66,0.29,WARNING
0.54,0.26,0.24,0.1,231.21,0.39,3.88,GOOD
0.9,0.2,0.0,0.06,325.74,0.25,0.24,CRITICAL
0.4,0.38,0.24,0.08,1174.55,0.46,1.64,WARNING
0.71,0.15,0.0,0.08,537.93,0.45,0.3,CRITICAL
0.44,0.51,0.06,-0.06,692.28,0.44,0.93,WARNING
0.42,0.11,0.47,0.01,186.07,0.22,7.57,GOOD
0.36,0.26,0.37,-0.05,91.69,0.22,7.97,GOOD
0.45,0.36,0.19,0.03,1205.52,0.4,0.68,WARNING
0.44,0.3,0.22,0.09,209.88,0.3,3.1,GOOD
0.51,0.47,0.04,0.02,516.92,0.65,1.32,WARNING
0.38,0.23,0.37,0.01,58.9,0.11,11.01,GOOD
0.55,0.31,0.12,-0.05,393.67,0.53,0.41,WARNING
0.89,0.12,0.0,0.07,792.0,0.5,0.07,CRITICAL
0.54,0.44,0.0,0.0,1301.7,0.67,1.03,WARNING
0.29,0.2,0.49,-0.09,186.34,0.12,6.07,GOOD
0.76,0.13,0.0,-0.06,558.7,0.39,0.36,CRITICAL
0.43,0.56,0.03,0.01,1008.89,0.45,0.61,WARNING
0.45,0.25,0.25,-0.01,108.89,0.24,3.94,GOOD
0.49,0.26,0.27,-0.09,275.88,0.39,3.96,GOOD
0.9,0.16,0.0,-0.07,721.13,0.44,0.12,CRITICAL
0.75,0.11,0.0,0.03,500.45,0.29,0.16,CRITICAL
0.56,0.22,0.19,-0.1,337.1,0.52,1.22,GOOD
0.38,0.12,0.52,0.05,186.73,0.22,6.63,GOOD
0.47,0.3,0.23,-0.0,57.07,0.21,4.71,GOOD
0.46,0.13,0.42,0.09,108.69,0.18,9.48,GOOD
0.46,0.36,0.17,-0.1,1282.26,0.57,1.18,WARNING
0.74,0.09,0.0,-0.08,209.05,0.23,0.4,CRITICAL
0.51,0.37,0.17,0.06,389.76,0.23,3.11,GOOD
0.65,0.26,0.15,-0.06,220.57,0.77,0.58,WARNING
0.86,0.14,0.0,-0.1,662.42,0.4,0.06,CRITICAL
0.63,0.29,0.1,-0.0,244.48,0.6,1.12,GOOD
0.59,0.25,0.19,-0.02,163.96,0.69,0.69,WARNING
0.39,0.28,0.25,-0.08,253.05,0.28,2.09,GOOD
0.51,0.29,0.16,0.1,298.77,0.27,2.44,GOOD
0.66,0.27,0.05,-0.02,198.83,0.69,1.31,GOOD
0.44,0.15,0.41,-0.04,87.53,0.24,10.41,GOOD
0.32,0.29,0.41,0.02,100.77,0.21,11.81,GOOD
0.77,0.13,0.0,0.05,204.82,0.42,0.4,CRITICAL
0.49,0.49,0.01,-0.05,560.47,0.65,1.6,WARNING
0.62,0.26,0.06,0.06,231.16,0.62,1.05,GOOD
0.44,0.45,0.12,-0.0,1365.68,0.53,1.42,WARNING
0.43,0.53,0.04,0.04,908.65,0.48,1.28,WARNING
0.7,0.18,0.0,-0.02,294.47,0.27,0.21,CRITICAL
0.48,0.16,0.39,-0.02,191.88,0.29,11.11,GOOD
0.55,0.26,0.2,0.07,250.61,0.58,1.09,GOOD
0.88,0.17,0.0,0.02,738.31,0.44,0.47,CRITICAL
0.48,0.19,0.33,-0.07,90.54,0.19,4.88,GOOD
0.51,0.27,0.22,0.01,273.98,0.3,2.4,GOOD
0.8,0.15,0.0,-0.01,738.6,0.29,0.37,CRITICAL
0.7,0.08,0.0,-0.04,384.38,0.29,0.48,CRITICAL
0.51,0.29,0.19,0.06,410.29,0.29,3.32,GOOD
0.52,0.42,0.07,0.04,1069.76,0.41,1.47,WARNING
0.73,0.12,0.0,0.03,296.31,0.5,0.46,CRITICAL
0.39,0.11,0.48,-0.09,187.72,0.12,5.3,GOOD
0.54,0.25,0.2,-0.02,237.66,0.38,2.75,GOOD
0.51,0.34,0.15,0.01,300.84,0.23,2.68,GOOD
0.75,0.11,0.0,-0.05,325.26,0.44,0.16,CRITICAL
0.56,0.33,0.16,0.07,379.69,0.38,2.17,GOOD
0.88,0.11,0.0,0.01,463.44,0.41,0.12,CRITICAL
0.44,0.43,0.16,-0.03,1276.56,0.54,1.81,WARNING
0.91,0.15,0.0,-0.03,557.75,0.24,0.15,CRITICAL
0.74,0.1,0.0,0.01,779.41,0.42,0.06,CRITICAL
0.46,0.38,0.17,-0.03,787.33,0.43,1.11,WARNING
0.41,0.24,0.33,-0.07,134.84,0.22,11.79,GOOD
0.37,0.24,0.36,-0.09,60.85,0.28,4.26,GOOD
0.51,0.41,0.11,0.07,899.17,0.65,1.93,WARNING
0.81,0.18,0.0,0.03,623.96,0.29,0.46,CRITICAL
0.51,0.34,0.14,-0.08,348.23,0.25,3.19,GOOD
0.35,0.25,0.37,0.03,143.24,0.25,11.37,GOOD
0.62,0.21,0.16,0.09,130.79,0.57,0.37,WARNING
0.74,0.13,0.0,0.07,577.13,0.26,0.02,CRITICAL
0.55,0.26,0.17,-0.05,127.13,0.62,1.08,GOOD
0.36,0.19,0.46,0.1,111.03,0.13,4.61,GOOD
0.45,0.36,0.19,-0.06,302.2,0.23,2.33,GOOD
0.62,0.25,0.15,-0.04,290.23,0.57,0.72,WARNING
0.57,0.51,0.0,-0.09,1215.23,0.63,0.55,WARNING
0.54,0.31,0.19,0.08,434.21,0.23,3.89,GOOD
0.86,0.13,0.0,-0.06,467.52,0.3,0.09,CRITICAL
0.66,0.22,0.14,-0.01,323.34,0.78,0.81,WARNING
0.64,0.27,0.08,-0.01,246.36,0.75,0.4,WARNING
0.54,0.23,0.25,0.06,391.75,0.75,1.3,GOOD
0.63,0.22,0.17,0.01,273.04,0.5,1.29,GOOD
0.73,0.13,0.0,-0.0,692.03,0.28,0.49,CRITICAL
0.56,0.29,0.15,-0.03,291.05,0.31,2.5,GOOD
0.53,0.3,0.22,0.08,199.95,0.71,0.56,WARNING
0.53,0.44,0.06,-0.04,1447.42,0.6,1.91,WARNING
0.78,0.2,0.0,-0.02,446.13,0.44,0.28,CRITICAL
0.68,0.28,0.06,0.05,173.41,0.61,0.56,WARNING
0.53,0.18,0.22,-0.02,295.85,0.63,0.61,WARNING
0.49,0.41,0.08,-0.06,1044.84,0.53,1.75,WARNING
0.65,0.29,0.07,-0.04,178.83,0.79,0.73,WARNING
0.56,0.24,0.24,-0.07,354.43,0.53,0.77,WARNING
0.52,0.5,0.0,0.05,1089.43,0.56,0.9,WARNING
0.45,0.52,0.02,0.04,760.27,0.62,1.39,WARNING
0.67,0.22,0.09,-0.08,273.92,0.67,0.84,WARNING
0.49,0.54,0.0,0.04,1499.7,0.55,0.77,WARNING
0.52,0.23,0.32,-0.06,151.18,0.25,3.72,GOOD
0.56,0.24,0.17,0.06,215.69,0.65,0.72,WARNING
0.42,0.3,0.34,0.08,76.22,0.11,3.93,GOOD
0.38,0.24,0.38,0.07,196.14,0.28,8.12,GOOD
0.47,0.29,0.19,0.05,356.92,0.62,0.41,WARNING
0.48,0.39,0.14,0.04,1105.91,0.59,1.53,WARNING
0.63,0.23,0.14,-0.07,243.81,0.78,0.28,WARNING
0.52,0.22,0.26,-0.02,167.34,0.65,0.44,WARNING
0.5,0.43,0.09,0.09,805.73,0.7,1.6,WARNING
0.48,0.29,0.2,0.08,208.32,0.28,3.27,GOOD
0.76,0.16,0.0,0.04,313.19,0.41,0.28,CRITICAL
0.44,0.51,0.01,-0.07,724.68,0.47,1.59,WARNING
0.45,0.14,0.49,0.05,79.96,0.2,8.32,GOOD
0.47,0.17,0.32,0.07,52.27,0.28,6.13,GOOD
0.59,0.3,0.13,0.06,154.04,0.53,1.23,GOOD
0.46,0.33,0.16,0.05,439.61,0.4,3.26,GOOD
0.44,0.48,0.04,0.05,543.87,0.58,1.34,WARNING
0.54,0.31,0.16,0.09,287.93,0.24,3.65,GOOD
0.48,0.16,0.42,-0.04,107.85,0.21,6.3,GOOD
0.88,0.12,0.0,-0.04,599.55,0.31,0.38,CRITICAL
0.46,0.46,0.09,0.06,713.0,0.62,0.92,WARNING
0.52,0.27,0.22,-0.03,448.12,0.22,3.62,GOOD
0.49,0.37,0.2,0.01,234.34,0.33,2.45,GOOD
0.38,0.37,0.24,-0.02,780.89,0.52,0.9,WARNING
0.74,0.14,0.0,-0.07,436.18,0.39,0.5,CRITICAL
0.66,0.22,0.09,-0.07,113.21,0.61,0.98,WARNING
0.56,0.33,0.12,-0.07,286.54,0.56,0.98,WARNING
0.47,0.31,0.23,-0.07,182.93,0.2,5.72,GOOD
0.29,0.22,0.47,0.05,149.73,0.29,11.08,GOOD
0.52,0.27,0.17,0.1,147.62,0.57,0.28,WARNING
0.55,0.23,0.19,-0.01,318.31,0.39,2.65,GOOD
0.38,0.54,0.03,-0.03,818.09,0.55,1.35,WARNING
0.41,0.25,0.36,-0.01,110.13,0.27,4.56,GOOD
0.46,0.38,0.19,0.06,1447.51,0.67,1.5,WARNING
0.52,0.22,0.27,-0.07,353.76,0.55,1.0,WARNING
0.79,0.19,0.0,0.02,526.94,0.45,0.14,CRITICAL
0.49,0.34,0.18,-0.09,362.77,0.32,3.56,GOOD
0.56,0.26,0.15,-0.09,325.98,0.7,0.65,WARNING
0.6,0.32,0.09,-0.09,396.05,0.59,0.26,WARNING
0.49,0.32,0.19,0.09,108.36,0.6,1.15,GOOD
0.46,0.29,0.22,0.03,377.56,0.38,2.79,GOOD
0.8,0.22,0.0,0.0,351.66,0.46,0.47,CRITICAL
0.45,0.23,0.32,-0.0,131.68,0.28,6.51,GOOD
0.56,0.44,0.01,0.02,776.52,0.57,1.17,WARNING
0.55,0.22,0.21,-0.09,396.86,0.67,0.45,WARNING
0.66,0.24,0.12,0.05,387.22,0.8,0.93,WARNING
0.49,0.42,0.09,0.03,1068.15,0.6,1.21,WARNING
0.46,0.24,0.28,0.05,410.35,0.28,2.13,GOOD
0.45,0.29,0.25,0.1,52.57,0.27,8.87,GOOD
0.45,0.4,0.14,0.1,1036.39,0.44,1.04,WARNING
0.88,0.19,0.0,0.05,366.88,0.43,0.03,CRITICAL
0.47,0.28,0.26,-0.01,343.42,0.36,2.82,GOOD
0.5,0.29,0.25,-0.03,69.12,0.28,10.52,GOOD
0.31,0.27,0.43,-0.06,68.93,0.15,6.8,GOOD
0.49,0.3,0.23,-0.01,288.73,0.32,3.85,GOOD
0.46,0.23,0.28,0.04,98.2,0.22,9.83,GOOD
0.84,0.09,0.0,0.09,422.45,0.35,0.13,CRITICAL
0.56,0.36,0.03,-0.07,782.19,0.58,1.65,WARNING
0.52,0.29,0.23,0.04,362.09,0.35,2.22,GOOD
0.64,0.25,0.13,0.07,303.62,0.66,1.1,GOOD
0.53,0.44,0.0,0.04,1101.89,0.64,1.98,WARNING
0.51,0.31,0.19,0.05,263.8,0.25,2.51,GOOD
0.73,0.13,0.0,-0.05,771.25,0.36,0.29,CRITICAL
0.39,0.29,0.33,-0.04,152.05,0.22,3.48,GOOD
0.51,0.36,0.1,0.01,754.72,0.61,0.59,WARNING
0.38,0.17,0.41,-0.03,142.44,0.21,4.75,GOOD
0.56,0.25,0.16,0.02,155.94,0.59,1.02,GOOD
0.46,0.26,0.28,0.03,160.1,0.12,5.64,GOOD
0.49,0.56,0.0,0.02,951.92,0.69,0.74,WARNING
0.42,0.34,0.21,0.03,407.38,0.37,3.49,GOOD
0.56,0.36,0.06,0.05,1444.57,0.43,1.01,WARNING
0.54,0.31,0.17,-0.04,342.17,0.22,3.49,GOOD
0.77,0.19,0.0,0.02,204.73,0.42,0.44,CRITICAL
0.82,0.14,0.0,-0.09,561.52,0.25,0.39,CRITICAL
0.8,0.19,0.0,-0.1,406.32,0.42,0.07,CRITICAL
0.48,0.42,0.14,-0.03,977.02,0.41,1.46,WARNING
0.61,0.24,0.13,-0.1,287.1,0.57,0.7,WARNING
0.63,0.2,0.12,0.03,324.76,0.73,0.44,WARNING
0.92,0.16,0.0,0.09,331.88,0.37,0.37,CRITICAL
0.8,0.19,0.0,0.06,516.53,0.42,0.2,CRITICAL
0.55,0.46,0.0,0.03,884.5,0.48,1.96,WARNING
0.47,0.13,0.42,0.07,150.93,0.19,11.24,GOOD
0.35,0.29,0.35,0.08,138.83,0.23,3.04,GOOD
0.33,0.25,0.42,-0.03,67.48,0.1,11.46,GOOD
0.42,0.35,0.21,0.07,1109.75,0.56,0.84,WARNING
0.73,0.13,0.0,-0.09,778.73,0.34,0.2,CRITICAL
0.46,0.42,0.14,-0.08,967.68,0.69,0.62,WARNING
0.33,0.29,0.37,0.07,129.12,0.22,3.48,GOOD
0.65,0.22,0.12,-0.1,175.18,0.71,0.58,WARNING
0.72,0.16,0.0,-0.07,280.01,0.48,0.18,CRITICAL
0.85,0.23,0.0,-0.03,743.5,0.23,0.22,CRITICAL
0.88,0.17,0.0,-0.01,575.14,0.37,0.26,CRITICAL
0.31,0.17,0.56,-0.02,64.48,0.24,9.84,GOOD
0.74,0.13,0.0,0.07,619.57,0.43,0.11,CRITICAL
0.84,0.19,0.0,0.04,376.63,0.25,0.21,CRITICAL
0.69,0.19,0.0,0.08,302.18,0.46,0.07,CRITICAL
0.4,0.42,0.17,0.09,1368.78,0.55,1.12,WARNING
0.34,0.22,0.45,0.01,146.03,0.29,5.57,GOOD
0.37,0.13,0.51,-0.0,197.08,0.25,3.45,GOOD
0.75,0.19,0.0,-0.08,785.12,0.39,0.31,CRITICAL
0.29,0.21,0.46,0.08,141.81,0.18,11.95,GOOD
0.35,0.19,0.43,0.04,128.19,0.12,5.18,GOOD
0.33,0.21,0.47,-0.05,64.37,0.19,4.79,GOOD
0.57,0.46,0.02,-0.05,639.53,0.59,1.24,WARNING
0.48,0.13,0.44,-0.0,141.63,0.11,7.36,GOOD
0.8,0.11,0.0,0.05,506.35,0.48,0.38,CRITICAL
0.51,0.2,0.26,-0.04,295.02,0.62,0.53,WARNING
0.5,0.26,0.24,0.01,412.38,0.22,3.38,GOOD
0.58,0.39,0.08,0.1,1148.87,0.65,0.72,WARNING
0.55,0.28,0.16,0.08,244.68,0.31,2.75,GOOD
0.58,0.3,0.15,-0.01,301.45,0.31,2.48,GOOD
0.56,0.23,0.22,0.09,146.55,0.76,0.74,WARNING
0.78,0.18,0.0,0.05,672.03,0.44,0.38,CRITICAL
0.85,0.11,0.0,0.02,549.52,0.29,0.06,CRITICAL
0.8,0.17,0.0,-0.01,466.03,0.3,0.17,CRITICAL
0.27,0.15,0.48,-0.02,136.02,0.19,7.06,GOOD
0.76,0.1,0.0,0.03,609.73,0.25,0.27,CRITICAL
0.82,0.17,0.0,0.07,555.5,0.41,0.11,CRITICAL
0.55,0.3,0.13,-0.07,297.44,0.8,1.48,GOOD
0.31,0.22,0.5,-0.02,90.05,0.3,6.82,GOOD
0.62,0.26,0.09,-0.05,153.96,0.78,0.39,WARNING
0.52,0.36,0.16,0.04,288.23,0.21,3.12,GOOD
0.62,0.46,0.0,-0.09,894.36,0.53,1.02,WARNING
0.49,0.43,0.08,0.08,665.75,0.54,1.48,WARNING
0.54,0.29,0.18,0.04,260.91,0.32,2.43,GOOD
0.79,0.15,0.0,-0.0,750.51,0.28,0.39,CRITICAL
0.53,0.25,0.2,-0.01,239.06,0.5,0.83,WARNING
0.59,0.47,0.0,0.1,1448.96,0.67,1.21,WARNING
0.62,0.21,0.13,0.01,230.06,0.67,0.47,WARNING
0.59,0.43,0.0,-0.01,859.1,0.55,1.03,WARNING
0.49,0.37,0.2,0.09,1441.86,0.46,1.28,WARNING
0.34,0.27,0.38,-0.1,57.85,0.3,10.64,GOOD
0.47,0.28,0.24,0.03,75.05,0.29,10.81,GOOD
0.48,0.51,0.04,-0.01,1310.75,0.49,1.44,WARNING
0.47,0.31,0.21,-0.02,217.53,0.21,2.75,GOOD
0.85,0.16,0.0,-0.09,528.82,0.46,0.41,CRITICAL
0.93,0.12,0.0,-0.04,261.29,0.44,0.37,CRITICAL
0.45,0.27,0.23,-0.1,367.02,0.28,3.67,GOOD
0.84,0.11,0.0,-0.08,391.46,0.24,0.15,CRITICAL
0.59,0.55,0.0,0.1,839.24,0.58,1.92,WARNING
0.76,0.13,0.0,-0.01,772.22,0.43,0.34,CRITICAL
0.52,0.24,0.23,0.02,351.0,0.67,0.26,WARNING
0.38,0.24,0.42,-0.03,142.69,0.19,11.08,GOOD
0.84,0.13,0.0,-0.01,206.78,0.2,0.04,CRITICAL
0.78,0.14,0.0,-0.05,324.56,0.38,0.04,CRITICAL
0.4,0.56,0.04,-0.06,855.52,0.54,1.31,WARNING
0.54,0.24,0.21,-0.03,252.75,0.72,0.22,WARNING
0.33,0.21,0.45,0.0,112.39,0.23,6.27,GOOD
0.88,0.13,0.0,-0.03,622.6,0.22,0.38,CRITICAL
0.68,0.27,0.03,-0.06,379.01,0.54,0.95,WARNING
0.54,0.48,0.0,0.08,635.21,0.59,0.88,WARNING
0.6,0.43,0.0,-0.07,747.72,0.5,0.71,WARNING
0.64,0.22,0.07,0.07,373.43,0.66,0.7,WARNING
0.64,0.24,0.11,-0.04,374.83,0.63,1.16,GOOD
0.53,0.44,0.01,-0.04,889.97,0.51,1.88,WARNING
0.51,0.35,0.17,-0.1,241.56,0.34,3.34,GOOD
0.51,0.39,0.07,-0.08,1158.29,0.62,1.9,WARNING
0.46,0.33,0.2,0.03,493.26,0.27,3.85,GOOD
0.67,0.22,0.09,0.01,166.28,0.53,1.22,GOOD
0.47,0.34,0.18,0.01,444.09,0.26,2.74,GOOD
0.44,0.29,0.29,-0.04,129.44,0.23,6.66,GOOD
0.54,0.26,0.23,-0.03,367.41,0.61,1.37,GOOD
0.55,0.44,0.03,0.04,501.98,0.53,1.4,WARNING
0.35,0.22,0.42,0.02,121.68,0.22,3.49,GOOD
0.52,0.3,0.2,0.05,421.42,0.24,2.46,GOOD
0.44,0.15,0.39,0.07,187.75,0.13,5.15,GOOD
0.41,0.52,0.04,0.01,1041.52,0.46,1.77,WARNING
0.69,0.22,0.0,-0.09,264.71,0.29,0.17,CRITICAL
0.49,0.26,0.23,0.05,476.48,0.39,2.25,GOOD
0.55,0.3,0.18,-0.03,411.18,0.26,3.1,GOOD
0.88,0.21,0.0,0.07,275.75,0.37,0.44,CRITICAL
0.47,0.26,0.27,-0.02,499.89,0.36,2.04,GOOD
0.47,0.33,0.21,-0.06,446.63,0.24,3.19,GOOD
0.51,0.33,0.16,-0.02,410.87,0.28,2.49,GOOD
0.71,0.19,0.0,-0.05,363.32,0.48,0.43,CRITICAL
0.43,0.19,0.37,0.04,117.27,0.3,6.7,GOOD
0.81,0.17,0.0,0.03,279.25,0.46,0.03,CRITICAL
0.53,0.34,0.15,0.05,315.3,0.36,3.14,GOOD
0.48,0.31,0.17,-0.06,381.51,0.35,2.07,GOOD
0.84,0.22,0.0,0.1,370.0,0.48,0.32,CRITICAL
0.53,0.32,0.15,0.09,335.66,0.29,3.06,GOOD
0.47,0.25,0.27,0.05,351.73,0.32,2.31,GOOD
0.83,0.17,0.0,-0.0,371.59,0.32,0.23,CRITICAL
0.84,0.15,0.0,-0.01,486.19,0.22,0.48,CRITICAL
0.75,0.15,0.0,0.0,757.95,0.32,0.38,CRITICAL
0.41,0.45,0.11,-0.01,1447.92,0.48,1.0,WARNING
0.52,0.33,0.14,0.05,384.45,0.21,3.89,GOOD
0.57,0.33,0.15,-0.05,375.03,0.38,2.68,GOOD
0.42,0.1,0.44,0.06,171.16,0.17,7.29,GOOD
0.52,0.28,0.22,0.09,324.1,0.56,0.73,WARNING
0.57,0.23,0.2,-0.07,141.82,0.67,0.3,WARNING
0.53,0.32,0.17,0.02,420.65,0.24,2.69,GOOD
0.47,0.34,0.17,-0.02,1153.2,0.45,1.39,WARNING
0.69,0.29,0.04,-0.08,272.58,0.65,0.71,WARNING
0.79,0.17,0.0,0.09,450.62,0.3,0.19,CRITICAL
0.65,0.28,0.08,0.01,259.49,0.51,1.46,GOOD
0.47,0.31,0.21,-0.04,492.15,0.24,3.06,GOOD
0.53,0.48,0.04,-0.05,1054.43,0.67,1.76,WARNING
0.64,0.29,0.08,-0.09,175.56,0.66,0.94,WARNING
0.6,0.54,0.0,-0.09,897.37,0.61,0.93,WARNING
0.47,0.22,0.26,-0.03,476.53,0.36,3.47,GOOD
0.32,0.11,0.55,0.07,121.13,0.25,11.84,GOOD
0.69,0.21,0.08,-0.04,143.52,0.63,0.58,WARNING
0.77,0.13,0.0,-0.09,378.06,0.22,0.49,CRITICAL
0.41,0.52,0.07,0.06,958.5,0.5,0.9,WARNING
0.55,0.27,0.18,-0.09,238.96,0.23,3.5,GOOD
0.65,0.24,0.1,-0.07,163.38,0.74,1.22,GOOD
0.47,0.28,0.27,-0.05,76.61,0.2,5.06,GOOD
0.55,0.21,0.13,-0.09,369.38,0.56,1.13,GOOD
0.59,0.21,0.18,0.1,203.28,0.61,0.79,WARNING
0.44,0.43,0.17,0.06,971.47,0.55,1.86,WARNING
0.42,0.47,0.1,0.05,1002.05,0.55,1.47,WARNING
0.55,0.31,0.2,0.04,297.65,0.4,3.77,GOOD
0.48,0.52,0.0,0.06,1158.25,0.5,1.66,WARNING
0.45,0.53,0.02,-0.02,1039.62,0.42,0.88,WARNING
0.76,0.12,0.0,-0.07,589.53,0.42,0.25,CRITICAL
0.82,0.18,0.0,0.05,219.39,0.32,0.32,CRITICAL
0.73,0.2,0.0,-0.03,503.27,0.4,0.34,CRITICAL
0.47,0.46,0.07,0.09,955.05,0.43,0.63,WARNING
0.35,0.14,0.53,-0.07,89.79,0.25,10.3,GOOD
0.67,0.23,0.06,0.08,383.71,0.77,0.81,WARNING
0.62,0.26,0.13,0.1,339.99,0.65,1.09,GOOD
0.71,0.19,0.0,0.05,732.25,0.25,0.39,CRITICAL
0.69,0.23,0.09,-0.06,111.16,0.7,1.35,GOOD
0.48,0.28,0.25,-0.08,62.02,0.23,8.8,GOOD
0.59,0.23,0.22,0.04,251.55,0.72,1.45,GOOD
0.32,0.12,0.55,0.02,138.0,0.29,4.32,GOOD
0.84,0.22,0.0,-0.01,273.85,0.41,0.16,CRITICAL
0.86,0.13,0.0,0.04,292.34,0.35,0.11,CRITICAL
0.46,0.14,0.37,-0.09,147.95,0.27,11.4,GOOD
0.33,0.15,0.57,-0.06,129.99,0.11,9.98,GOOD
0.56,0.28,0.17,0.06,161.08,0.62,1.38,GOOD
0.56,0.51,0.0,-0.03,1339.33,0.42,1.41,WARNING
0.56,0.48,0.0,-0.04,705.17,0.51,1.66,WARNING
0.44,0.22,0.36,0.03,61.29,0.25,10.14,GOOD
0.75,0.18,0.0,-0.01,713.6,0.31,0.19,CRITICAL
0.35,0.31,0.36,0.08,82.44,0.2,4.53,GOOD
0.36,0.12,0.48,-0.08,125.42,0.19,3.86,GOOD
0.47,0.55,0.0,-0.03,1393.81,0.6,1.85,WARNING
0.5,0.12,0.39,-0.06,79.48,0.1,4.03,GOOD
0.71,0.15,0.0,-0.01,788.29,0.42,0.42,CRITICAL
0.49,0.31,0.17,-0.04,423.08,0.3,3.67,GOOD
0.41,0.14,0.47,0.04,138.49,0.28,8.65,GOOD
0.7,0.23,0.09,-0.06,251.77,0.56,0.68,WARNING
0.48,0.41,0.05,-0.1,905.12,0.69,0.71,WARNING
0.51,0.34,0.15,-0.08,204.79,0.34,2.31,GOOD
0.82,0.15,0.0,0.08,798.38,0.23,0.1,CRITICAL
0.47,0.53,0.0,-0.0,1454.14,0.66,1.22,WARNING
0.55,0.32,0.14,-0.06,265.65,0.26,2.31,GOOD
0.59,0.31,0.12,-0.08,215.59,0.66,0.34,WARNING
0.54,0.42,0.05,0.06,1334.23,0.61,0.53,WARNING
0.54,0.32,0.16,0.04,209.71,0.25,3.17,GOOD
0.55,0.53,0.0,0.06,1481.73,0.55,0.67,WARNING
0.74,0.1,0.0,-0.09,325.2,0.2,0.29,CRITICAL
0.46,0.12,0.42,0.0,57.26,0.27,10.88,GOOD
0.47,0.23,0.33,-0.06,59.52,0.26,11.01,GOOD
0.7,0.14,0.0,0.04,425.54,0.44,0.36,CRITICAL
0.49,0.25,0.27,0.04,346.01,0.31,2.9,GOOD
0.41,0.28,0.3,-0.04,126.95,0.11,3.83,GOOD
0.53,0.27,0.19,0.07,252.91,0.28,3.63,GOOD
0.56,0.32,0.14,0.08,213.66,0.26,3.47,GOOD
0.41,0.21,0.37,0.03,55.5,0.15,5.45,GOOD
0.33,0.15,0.49,-0.08,183.59,0.14,5.88,GOOD
0.54,0.24,0.21,0.07,112.26,0.53,0.63,WARNING
0.52,0.32,0.14,-0.1,202.94,0.23,2.1,GOOD
0.55,0.29,0.18,-0.02,291.61,0.37,3.07,GOOD
0.48,0.3,0.25,0.07,425.6,0.3,2.39,GOOD
0.81,0.2,0.0,-0.0,346.86,0.31,0.44,CRITICAL
0.48,0.25,0.28,0.07,253.06,0.2,2.06,GOOD
0.57,0.49,0.0,-0.05,860.71,0.41,1.97,WARNING
0.48,0.43,0.09,-0.01,1365.6,0.47,0.57,WARNING
0.65,0.19,0.15,-0.01,354.06,0.65,0.57,WARNING
0.89,0.08,0.0,0.02,610.44,0.36,0.02,CRITICAL
0.44,0.29,0.27,-0.08,177.46,0.17,7.44,GOOD
0.35,0.28,0.36,0.02,157.0,0.24,7.73,GOOD
0.51,0.32,0.15,-0.05,230.11,0.25,2.5,GOOD
0.71,0.17,0.0,-0.09,379.77,0.45,0.25,CRITICAL
0.44,0.11,0.47,0.09,155.9,0.21,4.77,GOOD
0.59,0.25,0.2,0.08,483.76,0.39,2.34,GOOD
0.31,0.17,0.49,-0.09,119.23,0.21,7.12,GOOD
0.48,0.23,0.32,0.08,53.4,0.13,9.46,GOOD
0.83,0.16,0.0,0.03,474.3,0.44,0.31,CRITICAL
0.66,0.31,0.02,-0.03,354.11,0.59,0.92,WARNING
0.48,0.36,0.18,0.08,222.15,0.28,3.48,GOOD
0.46,0.12,0.44,-0.08,73.2,0.27,7.45,GOOD
0.42,0.2,0.36,0.06,114.03,0.26,7.19,GOOD
0.56,0.23,0.21,-0.05,326.77,0.56,0.45,WARNING
0.57,0.47,0.0,-0.05,850.64,0.47,1.5,WARNING
0.76,0.19,0.0,0.01,746.01,0.4,0.17,CRITICAL
0.89,0.16,0.0,0.01,222.55,0.32,0.35,CRITICAL
0.4,0.23,0.35,-0.0,116.51,0.29,7.67,GOOD
0.71,0.24,0.11,-0.09,202.43,0.62,0.21,WARNING
0.43,0.36,0.15,0.07,641.77,0.57,1.63,WARNING
0.68,0.29,0.06,-0.0,381.42,0.64,0.84,WARNING
0.59,0.35,0.06,0.09,828.55,0.51,1.26,WARNING
0.66,0.23,0.1,-0.03,122.57,0.72,1.41,GOOD
0.31,0.18,0.52,0.04,148.06,0.17,7.19,GOOD
0.31,0.14,0.53,0.04,133.03,0.1,10.62,GOOD
0.66,0.19,0.1,-0.02,150.92,0.6,0.87,WARNING
0.35,0.12,0.56,-0.0,159.14,0.26,10.08,GOOD
0.43,0.48,0.13,0.06,686.1,0.53,1.84,WARNING
0.66,0.21,0.11,0.03,230.46,0.7,0.36,WARNING
0.56,0.43,0.0,0.0,1431.11,0.41,1.15,WARNING
0.54,0.28,0.17,0.04,496.49,0.36,3.0,GOOD
0.63,0.2,0.18,0.02,109.2,0.62,0.89,WARNING
0.86,0.19,0.0,-0.08,795.56,0.39,0.09,CRITICAL
0.38,0.24,0.37,0.1,106.37,0.24,7.02,GOOD
0.41,0.55,0.03,-0.1,1236.56,0.49,1.96,WARNING
0.43,0.19,0.44,-0.09,159.05,0.29,3.35,GOOD
0.5,0.35,0.14,-0.02,1292.87,0.69,1.15,WARNING
0.45,0.43,0.17,-0.05,1047.14,0.47,0.95,WARNING
0.47,0.47,0.1,-0.03,1006.19,0.47,1.92,WARNING
0.55,0.48,0.0,-0.05,966.89,0.66,1.88,WARNING
0.47,0.32,0.2,-0.02,456.38,0.36,3.62,GOOD
0.77,0.19,0.0,0.06,262.52,0.26,0.03,CRITICAL
0.73,0.13,0.0,0.07,211.99,0.23,0.35,CRITICAL
0.47,0.24,0.27,-0.06,301.66,0.36,2.04,GOOD
0.87,0.18,0.0,-0.06,518.54,0.2,0.39,CRITICAL
0.56,0.46,0.0,0.04,678.82,0.49,1.21,WARNING
0.28,0.24,0.45,0.05,52.16,0.1,10.21,GOOD
0.32,0.21,0.4,0.08,182.86,0.18,9.72,GOOD
0.45,0.52,0.05,0.08,1458.2,0.51,0.87,WARNING
0.67,0.23,0.12,0.07,217.94,0.59,0.45,WARNING
0.3,0.19,0.48,0.01,151.34,0.2,11.91,GOOD
0.86,0.19,0.0,-0.04,320.89,0.41,0.29,CRITICAL
0.47,0.57,0.0,-0.05,1156.67,0.69,1.81,WARNING
0.48,0.32,0.2,0.06,358.93,0.31,2.1,GOOD
0.34,0.25,0.41,0.08,74.57,0.14,8.26,GOOD
0.46,0.37,0.19,-0.02,368.74,0.28,3.73,GOOD
0.85,0.1,0.0,0.06,303.47,0.2,0.25,CRITICAL
0.44,0.49,0.06,0.05,964.56,0.55,1.11,WARNING
0.44,0.44,0.08,-0.08,1465.89,0.58,1.47,WARNING
0.51,0.26,0.17,0.08,433.68,0.33,3.27,GOOD
0.53,0.32,0.17,-0.01,457.76,0.24,2.99,GOOD
0.51,0.23,0.29,-0.02,340.87,0.55,1.2,GOOD
0.7,0.28,0.06,0.05,237.75,0.62,0.3,WARNING
0.6,0.24,0.16,-0.1,218.6,0.76,0.84,WARNING
0.58,0.37,0.13,0.01,353.64,0.33,3.64,GOOD
0.8,0.08,0.0,0.06,357.02,0.24,0.3,CRITICAL
0.46,0.31,0.23,0.07,354.19,0.26,2.86,GOOD
0.48,0.25,0.24,0.08,364.09,0.38,2.63,GOOD
0.78,0.15,0.0,-0.07,691.0,0.37,0.47,CRITICAL
0.48,0.19,0.35,0.09,127.94,0.12,7.85,GOOD
0.42,0.2,0.4,-0.02,76.41,0.13,7.88,GOOD
0.52,0.23,0.29,-0.02,378.62,0.53,1.33,GOOD
0.52,0.21,0.23,-0.09,195.0,0.78,0.4,WARNING
0.64,0.2,0.13,-0.05,318.55,0.65,0.67,WARNING
0.75,0.18,0.0,0.08,552.39,0.46,0.09,CRITICAL
0.53,0.25,0.23,0.01,377.9,0.71,0.67,WARNING
0.36,0.22,0.4,-0.03,153.75,0.23,10.76,GOOD
0.62,0.24,0.16,0.09,232.86,0.58,1.01,GOOD
0.62,0.21,0.11,-0.06,253.27,0.5,0.28,WARNING
0.37,0.14,0.51,-0.07,61.59,0.12,3.77,GOOD
0.65,0.28,0.07,0.04,334.62,0.59,1.4,GOOD
0.78,0.12,0.0,0.03,670.16,0.2,0.47,CRITICAL
0.59,0.33,0.04,-0.02,1214.78,0.6,1.25,WARNING
0.72,0.17,0.0,-0.08,473.25,0.48,0.12,CRITICAL
0.41,0.23,0.33,-0.0,74.25,0.16,6.54,GOOD
0.73,0.16,0.0,-0.02,690.15,0.23,0.1,CRITICAL
0.6,0.28,0.07,0.01,125.36,0.67,0.25,WARNING
0.54,0.33,0.21,0.01,290.59,0.32,3.83,GOOD
0.46,0.51,0.07,0.03,620.8,0.43,0.84,WARNING
0.56,0.22,0.2,-0.09,135.07,0.71,0.27,WARNING
0.48,0.26,0.25,-0.07,364.47,0.22,2.62,GOOD
0.44,0.31,0.26,-0.05,435.15,0.29,2.04,GOOD
0.81,0.08,0.0,-0.04,287.23,0.47,0.25,CRITICAL
0.53,0.29,0.21,0.04,421.91,0.39,3.14,GOOD
0.46,0.28,0.24,-0.08,291.19,0.39,2.9,GOOD
0.68,0.25,0.05,0.09,309.71,0.65,1.42,GOOD
0.82,0.18,0.0,0.07,259.23,0.23,0.16,CRITICAL
0.5,0.21,0.25,-0.08,293.18,0.61,0.77,WARNING
0.52,0.28,0.22,-0.03,274.46,0.27,2.71,GOOD
0.43,0.29,0.33,-0.07,140.91,0.28,10.87,GOOD
0.6,0.27,0.1,0.03,182.79,0.67,0.7,WARNING
0.81,0.13,0.0,0.06,527.37,0.21,0.42,CRITICAL
0.51,0.29,0.21,0.1,215.92,0.27,3.74,GOOD
0.38,0.24,0.36,0.07,76.62,0.28,9.08,GOOD
0.54,0.29,0.19,-0.03,133.06,0.56,0.55,WARNING
0.48,0.47,0.08,-0.03,1265.85,0.44,0.86,WARNING
0.73,0.21,0.0,-0.08,344.09,0.2,0.24,CRITICAL
0.5,0.27,0.22,-0.07,434.62,0.26,3.5,GOOD
0.56,0.57,0.0,0.04,1335.01,0.6,1.09,WARNING
0.54,0.29,0.19,0.04,361.45,0.29,3.18,GOOD
0.49,0.27,0.27,0.02,324.42,0.39,2.94,GOOD
0.54,0.36,0.12,0.06,229.82,0.26,3.99,GOOD
0.74,0.19,0.0,0.09,374.0,0.26,0.01,CRITICAL
0.88,0.19,0.0,0.0,582.3,0.25,0.26,CRITICAL
0.52,0.35,0.15,0.07,284.43,0.23,3.02,GOOD
0.75,0.16,0.0,-0.05,471.68,0.2,0.24,CRITICAL
0.52,0.21,0.24,0.04,228.85,0.57,0.7,WARNING
0.76,0.17,0.0,-0.05,272.57,0.43,0.3,CRITICAL
0.5,0.31,0.21,0.07,381.82,0.23,3.21,GOOD
0.29,0.2,0.5,0.03,131.15,0.3,3.79,GOOD
0.43,0.46,0.13,0.01,1107.18,0.43,1.97,WARNING
0.46,0.29,0.25,-0.06,104.59,0.27,8.29,GOOD
0.56,0.45,0.0,0.06,835.61,0.65,0.92,WARNING
0.45,0.08,0.44,0.01,109.22,0.13,9.74,GOOD
0.57,0.28,0.18,0.07,321.25,0.65,0.31,WARNING
0.48,0.23,0.31,-0.03,55.21,0.2,3.59,GOOD
0.5,0.25,0.23,-0.05,386.81,0.33,3.14,GOOD
0.6,0.46,0.0,0.04,669.78,0.56,1.31,WARNING
0.62,0.26,0.13,0.09,152.49,0.56,1.19,GOOD
0.41,0.19,0.41,-0.05,143.68,0.11,6.69,GOOD
0.4,0.46,0.13,-0.01,1284.17,0.53,1.91,WARNING
0.55,0.3,0.19,-0.02,249.54,0.58,0.33,WARNING
0.58,0.4,0.0,-0.04,910.45,0.68,1.51,WARNING
0.33,0.16,0.56,0.02,167.55,0.27,7.07,GOOD
0.48,0.28,0.23,0.05,269.48,0.3,2.97,GOOD
0.48,0.28,0.24,0.02,342.65,0.27,2.6,GOOD
0.9,0.19,0.0,0.03,238.61,0.34,0.48,CRITICAL
0.5,0.18,0.35,0.0,159.66,0.15,11.64,GOOD
0.57,0.19,0.21,-0.02,211.3,0.65,0.75,WARNING
0.43,0.23,0.38,0.07,130.99,0.16,4.65,GOOD
0.5,0.28,0.21,0.06,403.42,0.31,2.88,GOOD
0.44,0.43,0.1,-0.07,1091.1,0.54,1.75,WARNING
0.53,0.43,0.06,0.09,562.94,0.41,0.79,WARNING
0.56,0.44,0.03,-0.09,1017.05,0.53,1.82,WARNING
0.52,0.51,0.0,-0.04,763.79,0.64,1.16,WARNING
0.49,0.32,0.18,-0.02,207.19,0.59,1.06,GOOD
0.42,0.11,0.44,-0.09,123.14,0.26,8.67,GOOD
0.56,0.35,0.09,0.09,884.02,0.4,0.93,WARNING
0.65,0.21,0.13,0.02,384.78,0.73,0.37,WARNING
0.54,0.5,0.0,0.09,1244.37,0.52,1.45,WARNING
0.47,0.32,0.18,0.04,267.25,0.33,3.32,GOOD
0.77,0.2,0.0,0.08,387.63,0.36,0.03,CRITICAL
0.56,0.28,0.14,0.08,149.17,0.65,1.44,GOOD
0.5,0.37,0.09,-0.03,1446.42,0.52,0.74,WARNING
0.57,0.28,0.14,-0.03,276.33,0.53,1.16,GOOD
0.39,0.16,0.48,-0.02,119.35,0.14,9.65,GOOD
0.5,0.33,0.18,0.06,245.12,0.34,3.49,GOOD
0.46,0.41,0.15,0.05,1200.48,0.6,1.38,WARNING
0.71,0.11,0.0,-0.06,760.44,0.42,0.24,CRITICAL
0.59,0.23,0.22,0.02,280.1,0.72,0.51,WARNING
0.39,0.13,0.49,0.07,178.03,0.29,3.64,GOOD
0.48,0.32,0.21,0.06,379.79,0.23,3.32,GOOD
0.47,0.32,0.21,0.05,325.2,0.24,3.59,GOOD
0.5,0.25,0.23,0.06,356.5,0.28,3.49,GOOD
0.56,0.3,0.17,-0.05,470.05,0.23,3.11,GOOD
0.5,0.29,0.2,0.06,172.51,0.59,0.21,WARNING
0.82,0.14,0.0,0.03,469.55,0.38,0.25,CRITICAL
0.46,0.21,0.31,0.08,78.35,0.15,7.15,GOOD
0.58,0.43,0.0,-0.01,960.62,0.61,1.54,WARNING
0.55,0.3,0.18,-0.07,353.42,0.25,3.21,GOOD
0.63,0.23,0.14,0.01,254.86,0.51,1.37,GOOD
0.43,0.45,0.14,-0.04,560.53,0.58,1.37,WARNING
0.71,0.21,0.1,-0.03,191.58,0.53,0.67,WARNING
0.48,0.46,0.08,-0.1,752.38,0.51,0.78,WARNING
0.79,0.19,0.0,0.1,748.01,0.37,0.0,CRITICAL
0.41,0.16,0.43,0.07,115.75,0.12,8.9,GOOD
0.4,0.55,0.06,-0.07,1359.98,0.45,0.92,WARNING
0.47,0.34,0.21,-0.06,251.13,0.38,3.68,GOOD
0.35,0.23,0.44,-0.08,63.62,0.15,11.84,GOOD
0.53,0.39,0.04,0.09,1097.0,0.63,0.81,WARNING
0.81,0.1,0.0,-0.1,409.41,0.45,0.31,CRITICAL
0.49,0.44,0.06,-0.05,1113.84,0.45,0.98,WARNING
0.42,0.2,0.38,0.04,92.03,0.11,8.88,GOOD
0.38,0.16,0.45,-0.07,113.68,0.14,10.36,GOOD
0.52,0.52,0.0,0.01,1079.71,0.65,1.86,WARNING
0.86,0.17,0.0,-0.06,507.98,0.44,0.41,CRITICAL
0.45,0.51,0.04,0.07,999.36,0.55,1.83,WARNING
0.45,0.32,0.2,-0.07,402.04,0.31,3.03,GOOD
0.72,0.19,0.0,0.06,437.36,0.31,0.11,CRITICAL
0.76,0.21,0.0,0.1,416.83,0.46,0.23,CRITICAL
0.34,0.25,0.39,0.07,109.97,0.24,9.92,GOOD
0.34,0.2,0.52,0.0,129.66,0.21,4.45,GOOD
0.47,0.24,0.29,0.05,104.36,0.29,8.01,GOOD
0.5,0.26,0.27,0.09,240.38,0.76,0.97,WARNING
0.35,0.22,0.41,-0.06,192.87,0.24,7.61,GOOD
0.48,0.27,0.21,0.03,494.69,0.39,2.98,GOOD
0.46,0.26,0.28,-0.04,488.57,0.23,2.49,GOOD
0.69,0.1,0.0,0.05,557.73,0.24,0.11,CRITICAL
0.4,0.27,0.39,-0.01,139.75,0.11,11.37,GOOD
0.49,0.14,0.41,-0.07,87.27,0.18,5.08,GOOD
0.42,0.45,0.13,-0.02,1441.18,0.67,1.96,WARNING
0.4,0.17,0.4,-0.05,105.32,0.29,7.97,GOOD
0.43,0.4,0.14,-0.04,1020.83,0.5,1.61,WARNING
0.71,0.13,0.0,0.07,735.26,0.3,0.21,CRITICAL
0.81,0.16,0.0,0.03,559.79,0.27,0.34,CRITICAL
0.53,0.35,0.16,0.04,361.69,0.28,3.78,GOOD
0.55,0.29,0.14,0.05,293.1,0.61,0.93,WARNING
0.5,0.28,0.25,0.03,169.86,0.16,7.26,GOOD
0.51,0.28,0.24,0.05,232.17,0.29,2.23,GOOD
0.65,0.25,0.1,-0.04,276.66,0.54,1.25,GOOD
0.49,0.53,0.0,-0.06,619.0,0.47,1.23,WARNING
0.33,0.27,0.38,-0.02,56.89,0.18,7.58,GOOD
0.48,0.3,0.24,0.0,257.45,0.37,3.01,GOOD
0.49,0.11,0.4,-0.05,139.42,0.27,8.26,GOOD
0.28,0.23,0.46,-0.04,71.76,0.26,5.8,GOOD
0.55,0.28,0.19,-0.09,220.1,0.74,0.76,WARNING
0.55,0.3,0.13,-0.03,315.26,0.37,3.55,GOOD
0.63,0.23,0.09,0.1,269.08,0.55,1.24,GOOD
0.8,0.08,0.0,-0.06,517.84,0.47,0.17,CRITICAL
0.57,0.43,0.03,0.1,592.82,0.61,1.02,WARNING
0.52,0.33,0.15,0.09,339.75,0.38,3.36,GOOD
0.3,0.15,0.53,0.09,75.78,0.11,11.32,GOOD
0.52,0.3,0.25,-0.05,376.58,0.27,2.96,GOOD
0.71,0.11,0.0,-0.04,351.86,0.31,0.42,CRITICAL
0.67,0.31,0.08,0.05,177.4,0.58,0.68,WARNING
0.66,0.26,0.15,-0.09,398.26,0.57,0.41,WARNING
0.47,0.35,0.19,0.04,373.96,0.33,3.6,GOOD
0.73,0.09,0.0,0.04,295.02,0.33,0.3,CRITICAL
0.43,0.44,0.15,-0.1,1047.23,0.66,0.84,WARNING
0.92,0.15,0.0,0.01,250.93,0.39,0.28,CRITICAL
0.43,0.25,0.28,0.09,274.97,0.22,2.5,GOOD
0.49,0.33,0.16,-0.04,477.99,0.22,3.26,GOOD
0.84,0.09,0.0,0.06,760.22,0.23,0.24,CRITICAL
0.84,0.23,0.0,0.08,500.78,0.32,0.49,CRITICAL
0.46,0.28,0.26,-0.02,495.67,0.28,3.69,GOOD
0.53,0.27,0.21,0.03,282.9,0.29,3.83,GOOD
0.52,0.27,0.19,0.04,147.04,0.72,1.02,GOOD
0.34,0.25,0.43,-0.06,172.84,0.1,7.57,GOOD
0.46,0.2,0.35,-0.01,55.54,0.19,5.53,GOOD
0.3,0.14,0.55,-0.02,58.01,0.11,11.2,GOOD
0.82,0.15,0.0,-0.02,627.03,0.23,0.13,CRITICAL
0.35,0.14,0.52,0.05,97.45,0.24,11.06,GOOD
0.41,0.42,0.13,0.06,891.82,0.56,0.92,WARNING
0.84,0.1,0.0,-0.03,695.05,0.41,0.25,CRITICAL
0.49,0.29,0.23,0.07,461.05,0.21,3.86,GOOD
0.55,0.3,0.18,-0.09,350.28,0.37,2.86,GOOD
0.69,0.24,0.03,0.01,326.81,0.75,0.31,WARNING
0.51,0.4,0.16,0.01,437.89,0.28,2.82,GOOD
0.48,0.48,0.04,0.06,953.94,0.7,0.52,WARNING
0.52,0.22,0.24,-0.02,137.74,0.78,0.22,WARNING
0.6,0.24,0.18,0.04,334.0,0.79,0.21,WARNING
0.61,0.27,0.11,-0.0,346.94,0.55,0.34,WARNING
0.67,0.25,0.06,0.04,192.79,0.76,0.44,WARNING
0.88,0.18,0.0,0.02,289.99,0.49,0.0,CRITICAL
0.46,0.24,0.29,0.06,417.25,0.28,2.63,GOOD
0.66,0.27,0.08,0.02,325.56,0.58,0.39,WARNING
0.41,0.34,0.22,-0.05,1065.19,0.45,1.89,WARNING
0.51,0.25,0.22,0.07,352.65,0.33,3.49,GOOD
0.48,0.27,0.27,0.0,322.41,0.33,3.01,GOOD
0.5,0.53,0.0,0.0,519.9,0.52,1.39,WARNING
0.55,0.53,0.0,0.05,889.46,0.69,1.69,WARNING
0.51,0.4,0.14,0.1,902.86,0.51,1.38,WARNING
0.57,0.3,0.15,-0.1,362.89,0.35,3.64,GOOD
0.49,0.27,0.22,-0.06,303.38,0.71,0.85,WARNING
0.87,0.16,0.0,-0.07,396.29,0.21,0.15,CRITICAL
0.42,0.24,0.35,-0.06,184.4,0.15,9.21,GOOD
0.45,0.36,0.14,-0.1,1056.9,0.54,0.78,WARNING
0.88,0.14,0.0,-0.06,678.86,0.39,0.5,CRITICAL
0.36,0.25,0.39,0.05,62.32,0.21,5.0,GOOD
0.47,0.3,0.19,-0.04,218.87,0.26,3.05,GOOD
0.72,0.11,0.0,-0.02,736.16,0.25,0.4,CRITICAL
0.44,0.15,0.38,-0.05,84.17,0.19,10.66,GOOD
0.55,0.3,0.18,-0.02,232.69,0.22,3.03,GOOD
0.53,0.31,0.19,0.07,353.87,0.26,2.83,GOOD
0.46,0.3,0.25,-0.01,92.16,0.12,6.61,GOOD
